Total_Return,Annualized_Return,Volatility,Sharpe_Ratio,Max_Drawdown
0.4099405129733449,0.07130066745345998,0.2644130130303973,0.26965642362413966,-0.3671603390056879
